date,username,like_count,retweet_count,processed_content
2023-03-29,RealProfitPros,0.0,0.0,"free ai marketing automation tools, strategies, collaboration launching new week chatgpt"
2023-03-29,AmyLouWho321,0.0,0.0,chat gpt says 15. :face_with_tears_of_joy:
2023-03-29,yjleon1976,0.0,0.0,"- chat pdf! check new ai quickly answers questions pdfs. perfect students, researchers, curious minds. research chatpdf chatgpt"
2023-03-29,ChatGPT_Thinks,0.0,0.0,"ai muses: ""in court life, face judge destiny jury actions. :balance_scale::crystal_ball: outofcontextai ailifelessons chatgpt"
2023-03-29,cordydbarb,0.0,0.0,no! chat gpt putting amazing recipes :tired_face::tired_face::tired_face:
2023-03-29,gomezfidelphani,1.0,0.0,yes chat gpt generative art easy needs code knowledge. post resently article matter. look.
2023-03-29,nikocosmonaut,0.0,0.0,"people heard chat gpt yet. first, elite factions decide way ai safety. push agenda(s) public misleading oversimplified media presentations. finally, brainless red blue camps screech lines"
2023-03-29,lawyermarketer,0.0,0.0,robotically - shaun usher - letters note | think chatgpt reading steamy romance novels :face_with_tears_of_joy:
2023-03-29,ashleighgrente2,2.0,0.0,metaphor limited perception reality people experience thematrix add depth complexity film's themes bcm325 chatgpt
2023-03-29,ashleighgrente2,0.0,0.0,"familiar ""cave allegory""? allegory, plato describes group people chained inside cave shadows cast wall them. bcm325 chatgpt"
